Word,Meaning
Word,Meaning
Sigma,Independent confident person
Rizz,Charm or flirting ability
Gyatt,Expression of surprise
Mid,Average or boring
NPC,Unoriginal person
Based,Confident and unapologetic
Cringe,Embarrassing
Slay,Did very well
Sus,Suspicious
Bussin,Very good
Cap,Lie
No Cap,Truth
Bet,Okay
Fire,Awesome
Lit,Exciting
Drip,Stylish outfit
Flex,Show off
Lowkey,Quietly
Highkey,Strongly
Ghosting,Sudden ignoring
Shook,Surprised
Vibe,Feeling or mood
Main Character,Confident person
Side Quest,Small task
Touch Grass,Go outside
Ratio,More negative replies
W,Win
L,Loss
Sheesh,Amazement
Ate,Did perfectly
Delulu,Delusional
Stan,Big fan
Iykyk,If you know you know
Simp,Overly devoted
Glow Up,Big improvement
Clapback,Smart comeback
Snack,Attractive person
Tea,Gossip
Spill the Tea,Share gossip
Goated,Greatest ever
AF,Very
Fr,For real
POV,Point of view
Real One,Loyal person
Boujee,Fancy
Cheugy,Outdated trend
Fit,Outfit
Say Less,I understand
Hits Different,Feels special
Hard,Very impressive
Soft Launch,Subtle announcement
Hard Launch,Public reveal
Era,Life phase
Canon Event,Important moment
Caught in 4K,Exposed clearly
Rent Free,Living in mind
Manifest,Wish into reality
Period,End of discussion
Valid,Correct
It’s Giving,Feels like
Core Memory,Unforgettable moment
Slaps,Very good
Dead,Very funny
Sending Me,Extremely funny
Big Yikes,Very awkward
OK Boomer,Dismissal phrase
Extra,Overdramatic
Savage,Brutally honest
Basic,Unoriginal
Hype,Excitement
FOMO,Fear of missing out
YOLO,You only live once
BDE,Big confidence energy
CEO Of,Best at something
Vibey,Good atmosphere
On God,Swear truth
Facts,True
Ship,Support relationship
Cancel,Public rejection
Receipts,Proof
Mood,Relatable
Pick Me,Attention seeker
Gatekeep,Restrict access
Gaslight,Manipulate perception
Red Flag,Warning sign
Green Flag,Good sign
Dry,Boring
Salty,Upset
Pressed,Angry
Big Brain,Smart move
Brain Rot,Overconsumed content
Lore,Background story
Mic Drop,Strong ending
Chaotic,Wild behavior
Unhinged,Crazy funny
Iconic,Legendary
Doomscroll,Endless scrolling
Beige Flag,Neutral trait
Roman Empire,Obsessive thought
Soft Life,Peaceful lifestyle
Hard Pass,No interest
Digital Footprint,Online record
Alt,Alternative account
Finna,Going to
Deadass,Seriously
Gucci,Good
Shadowban,Hidden by algorithm
Feral,Out of control
Corecore,Absurd meme style
Main,Favorite person
Headcanon,Personal belief
Wholesome,Heartwarming
Unalive,Kill censored
Drippy,Stylish
Fit Check,Show outfit
Cracked,Extremely good
Sweaty,Try hard
OP,Overpowered
GG,Good game
Noob,Beginner
Tryhard,Overcompetitive
Laggy,Slow
Buff,Improve power
Nerf,Reduce power
Grind,Work hard
AFK,Away from keyboard
IRL,In real life
DM,Private message
Ping,Notify
Mod,Moderator
Ban,Block user
Mute,Silence user
Toxic,Negative behavior
Cope,Deal with loss
Seethe,Angry reaction
Hot Take,Controversial opinion
Cold Take,Common opinion
Clout,Popularity
Clout Chaser,Attention seeker
Soft Boy,Emotional guy
Eboy,Internet style boy
Egirl,Internet style girl
Down Bad,Desperate
Absolute Unit,Very big
Smol,Small and cute
Yeet,Throw
Big Mood,Very relatable
Zesty,Flamboyant
Bop,Catchy song
Viral,Spreading fast
Influencer,Online promoter
Algorithm,Content selector
For You Page,Main TikTok feed
Dupe,Fake product
Aesthetic,Visual style
Clean Girl,Minimalist look
Normalize It,Make acceptable
Unproblematic,Drama free
Problematic,Controversial
Side Eye,Suspicious look
Bombastic Side Eye,Extreme judgment
Caught Lacking,Unprepared
No Shot,Impossible
Big Flex,Major show off
Low Effort,Minimal work
High Effort,Maximum work
Full Send,Go all in
Vibe Check,Test mood
Energy,Attitude
Soft Block,Silent removal
Hard Block,Direct removal
Girl Math,Justifying spending
Boy Math,Justifying logic
Main Quest,Important task
Side Hustle,Extra income
Villain Arc,Revenge phase
Hater,Negative person
Supporter,Positive fan
Based Take,Good opinion
Wildin,Acting crazy
Tweaking,Overreacting
Cooked,In trouble
Let Him Cook,Allow success
Cook,Perform well
Chat,Audience or group
NPC Walk,Robotic movement
NPC Energy,Robotic vibe
Main Character Energy,Confident vibe
Standing on Business,Being serious
Big Stepper,Important person
Soft Era,Peaceful phase
Glow Season,Success phase
Touch Base,Reconnect
We Move,Continue anyway
Say It Louder,Strong agreement
That Ain’t It,Not acceptable
Stay Winning,Keep succeeding
Stay Mad,Remain angry
No Thoughts Head Empty,Blank mind
Catch These Hands,Fight threat
Caught Slipping,Making mistake
Low Battery,Socially tired
Social Battery,Energy for people
Hard Reset,Restart life
Soft Reset,Small change
Crash Out,Emotional breakdown
Emotional Damage,Strong insult
Plot Twist,Unexpected event
Plot Armor,Protected character
Lore Drop,Story reveal
Character Arc,Personality change
Red Pill,Harsh truth
Blue Pill,Comfortable lie
Mainstreamed,Became popular
Underrated,Not appreciated
Overrated,Too praised
Normie,Average person
Try Me,Challenge
Talk Your Talk,Express yourself
Big Facts,Very true
Fax No Printer,Very true
On Sight,Immediately
Run It Back,Repeat
Spin the Block,Return later
Fold,Give up
Stand Ten Toes,Be firm
Hold This L,Accept loss
Take the W,Win
Get Ratioed,Receive backlash
Exposed Era,Truth revealed
Receipts Check,Show proof
Internet Beef,Online fight
Keyboard Warrior,Online fighter
Cancel Culture,Public shaming
Rebrand,Change image
Soft Cancel,Temporary rejection
Hard Cancel,Total rejection
Ghost Mode,Disappear
Left on Read,Seen but ignored
Delivered,Message sent
Dry Texter,Boring messenger
Double Text,Message twice
Slide In,Private message
Shoot Your Shot,Try flirting
Thirst Trap,Attractive post
Soft Launching,Subtle reveal
Hard Launching,Public reveal
Situationship,Unclear relationship
Breadcrumbing,Leading someone on
Love Bombing,Too much affection
Red Flag Behavior,Warning actions
Green Flag Energy,Good vibes
Ick,Sudden turn off
Crush,Romantic interest
Main Squeeze,Partner
Bae,Partner
Bestie,Best friend
Homie,Friend
Bro Zone,Friend only
Friend Zoned,Rejected romantically
Third Wheel,Extra person
Wingman,Helper in flirting
Ride or Die,Loyal friend
Day One,Old friend
Fake Friend,Disloyal person
Snake,Backstabber
Two Faced,Fake person
Drama Queen,Overdramatic person
Messy,Creates drama
Tea Spiller,Gossip sharer
Vibe Killer,Ruins mood
Buzzkill,Ruins fun
Energy Vampire,Drains mood
Main Feed,Primary content page
Alt Account,Secondary account
Private Account,Hidden profile
Verified,Official account
Blue Check,Verified user
Influencer Era,Popularity phase
Creator Economy,Online earning
Content Farm,Low quality content
Clickbait,Misleading title
Deepfake,AI fake video
Filter Face,Edited look
Soft Edit,Light editing
Hard Edit,Heavy editing
Face Reveal,Show face
Voice Reveal,Show voice
Reaction Video,Response content
Duet Video,Split screen content
Stitch Video,Clip response
FYP Energy,Algorithm boost
Going Viral,Spreading fast
Boosted,Algorithm favor
Flopped,Did poorly
Hard Carry,Do most work
Throwing,Playing badly
Meta,Best strategy
Broken,Too powerful
Patch Update,Game fix
Lag Spike,Internet delay
Disconnected,Lost connection
AFK Farming,Idle earning
Camping,Staying hidden
Spawn Kill,Repeated killing
Clutch,Win at last moment
Choke,Fail under pressure
Respawn,Return after death
Leaderboard,Ranking list
Speedrun,Fast completion
Achievement Unlocked,Success
XP Grind,Experience farming
Level Up,Improve skill
Skill Issue,Lack of skill
Get Good,Improve
Battle Pass,Season rewards
Loot Box,Random reward
Skin,Character appearance
Cosmetic,Visual item
Emote,Dance or gesture
Brain Freeze,Confused
Overstimulated,Too much input
Understimulated,Bored
Burnout,Tired from work
Recharge,Rest
Reset Day,Fresh start
Productivity Era,Work phase
Lazy Era,Rest phase
Healing Era,Self care phase
Self Care Day,Personal rest
Safe Space,Comfort zone
Trigger Warning,Content warning
Boundaries,Personal limits
Respectfully,Polite disagreement
No Shade,Not insulting
Throw Shade,Insult subtly
Drag Them,Insult strongly
Roast,Mock jokingly
Self Roast,Insult self
Memeable,Good for memes
Template,Reusable meme
Shitpost,Low effort joke
Copypasta,Repeated text
Dank Meme,High quality meme
Dead Meme,Old joke
Inside Joke,Private joke
Reaction Image,Picture response
GIF Reaction,Animated response
Emoji Dump,Many emojis
Keyboard Smash,Random letters
All Caps,Shouting text
Keep It 100,Be honest
Real Talk,Serious moment
Lowkey True,Quietly correct
Highkey True,Obviously correct
Not Gonna Lie,Honest statement
Pinned,Fixed post
Archived,Hidden post
Deleted,Removed post
Reported,Flagged
Blocked,Restricted
Muted,Silenced
Following,Subscribed
Unfollowing,Leaving
Trending,Popular
Explore Page,Discovery feed
Notification Ping,Alert
DM Request,Message request
Seen Zone,Ignored message
Late Reply,Delayed message
Instant Reply,Quick message
Voice Note,Audio message
FaceTime,Video call
Tag Me,Mention me
Shoutout,Mention publicly
Collab,Work together
Challenge Trend,Popular task
Hashtag Trend,Popular tag
Sound Trend,Popular audio
Dance Trend,Popular dance
Filter Trend,Popular filter
Outfit Trend,Popular clothes
Makeup Trend,Popular makeup
Food Trend,Popular recipe
BookTok,Book community
StudyTok,Study content
FitTok,Fitness content
CleanTok,Cleaning content
TravelTok,Travel content
TechTok,Tech content
FinanceTok,Money content
Quiet Luxury,Subtle wealth style
Old Money,Classic rich aesthetic
New Money,Flashy wealth style
Wholesome Core,Positive aesthetic
Chaos Core,Random aesthetic
Indie Sleaze,Messy fashion style
Blokecore,Soccer fashion style
Barbiecore,Pink fashion trend
Mermaidcore,Ocean aesthetic
Fairycore,Fantasy aesthetic
Angelcore,Heaven aesthetic
Devilcore,Dark aesthetic
Dreamcore,Surreal aesthetic
Weirdcore,Strange aesthetic
Liminal Space,Empty eerie places
Backrooms,Viral liminal meme
Analog Horror,Old style horror
Internet Lore,Online story
Lost Media,Missing content
Mandela Effect,False memory
NPC Stream,Repetitive live content
ASMR,Sound relaxation
Mukbang,Eating show
GRWM,Get ready with me
OOTD,Outfit of the day
FitPic,Outfit photo
Photo Dump,Many photos
Story Time,Personal story
Tea Time,Gossip moment
Hot Girl Walk,Confident walk
Soft Girl Era,Gentle phase
That Girl,Perfect lifestyle girl
Boss Babe,Independent woman
Hustle Culture,Work mindset
Quiet Quitting,Doing minimum work
Bare Minimum,Least effort
Overemployment,Multiple jobs
Digital Nomad,Remote traveler
Van Life,Living in van
Minimalism,Simple living
Maximalism,Excess style
Deinfluencing,Discouraging buying
Underconsumption,Buying less
Overconsumption,Buying too much
Impulse Buy,Random purchase
Retail Therapy,Shopping for mood
Girl Dinner,Simple meal
Boy Dinner,Random meal
Meal Prep,Prepared food
Snack Plate,Small foods
Food Coma,Too full
Hydration Check,Drink water reminder
Gym Rat,Gym lover
Leg Day,Leg workout
Upper Day,Upper body workout
Rest Day,No workout
Protein Shake,Fitness drink
Bulk Season,Gaining muscle
Cut Season,Losing fat
Shred,Get fit
Clean Eating,Healthy diet
Cheat Meal,Unhealthy treat
Sleep Debt,Lack of sleep
Nap Queen,Loves naps
Night Owl,Stays up late
Early Bird,Wakes early
Brain Fog,Mental confusion
Hyperfixation,Strong focus
Info Dump,Give lots of info
Trauma Dump,Oversharing problems
Overthinker,Thinks too much
Intrusive Thoughts,Unwanted thoughts
Comfort Show,Relaxing series
Comfort Song,Relaxing music
Comfort Food,Favorite food
Safe Person,Trusted person
Inner Child,Young self
Healing Journey,Self recovery
Shadow Work,Deep self work
Vision Board,Goal collage
Affirmations,Positive statements
Aura,Personal vibe
Good Juju,Good luck
Bad Juju,Bad luck
Evil Eye,Jealous curse
Spiritual Reset,Mental cleanse
Moon Phase,Mood cycle
Mercury Retrograde,Bad luck phase
Zodiac Energy,Astrology mood
Birth Chart,Astrology map
Big Three,Sun moon rising signs
Twin Flame,Spiritual partner
Soulmate,Perfect match
Karmic Relationship,Lesson relationship
Attachment Style,Love behavior
Love Language,Way of love
Situational Awareness,Knowing surroundings
Digital Detox,Offline break
Screen Time,Phone usage
Outside Era,Social phase
Homebody Era,Stay home phase
Friendship Breakup,End friendship
Soft Goodbye,Quiet ending
Hard Goodbye,Direct ending
Closure Talk,Final conversation
Fresh Start,New beginning
Rebrand Yourself,Change identity
Leveling Up,Improving life
Success Mindset,Winning attitude
Abundance Mindset,Positive thinking
Scarcity Mindset,Fear thinking
Money Moves,Smart spending
Budget Era,Saving phase
Payday Feeling,Happy money day
Broke Era,No money phase
Rich Energy,Confident wealth vibe
Hustler Mentality,Work hard mindset
CEO Mindset,Leader mindset
Legacy Building,Long term impact
Dream Job,Ideal career
Career Pivot,Change job
Skill Stack,Multiple skills
Personal Brand,Online identity
LinkedIn Core,Professional aesthetic
Corporate Speak,Business language
Office Lore,Workplace drama
Meeting Fatigue,Too many meetings
Reply All,Send to everyone
Out of Office,Not working
Work From Home,Remote work
Hybrid Work,Office and home
Passive Income,Earning without work
Investing Era,Finance phase
Crypto Bro,Crypto fan
Stock Watcher,Market follower
Bear Market,Down market
Bull Market,Up market
Diamond Hands,Hold investments
Paper Hands,Sell early
To the Moon,Price rising
Rug Pull,Scam project
NFT Art,Digital art token
Metaverse,Virtual world
Digital Twin,Virtual self
AI Girlfriend,Virtual partner
Chatbot Friend,AI companion
Prompt Engineer,AI user
Algorithm Brain,Think like code
Tech Bro,Tech obsessed
Bug Fix,Patching error
System Update,New version
Patch Notes,Update list
Beta Version,Test release
Stable Build,Final release
Feature Drop,New feature
Dark Mode,Night theme
Light Mode,Day theme
Battery Anxiety,Low power fear
Storage Full,No space
404 Brain,Confused
Reboot Life,Restart
Bugged Day,Bad day
Glitch in Matrix,Weird event
Simulation Theory,Fake reality idea
Digital Shadow,Online trace
Ghost Account,Unused profile
Throwback,Old memory
Nostalgia Core,Past feeling
Core Memory Unlocked,Remembered moment
Flashback,Past scene
Foreshadowing,Future hint
Character Development,Personal growth
Season Finale,End of phase
Cliffhanger,Uncertain ending
Canon,Official story
Non Canon,Unofficial story
Parasocial,One sided bond
Stan Behavior,Extreme fan
Lore Accurate,True to story
Out of Pocket,Unacceptable
Chaotic Neutral,Unpredictable
Villain Energy,Evil vibe
Hero Arc,Good phase
Redemption Arc,Fix mistakes
Final Boss,Big challenge
Power Up,Gain strength
Debuff,Weakness
Cooldown,Rest time
Endgame,Final stage
Achievement Farm,Collect success
Completionist,Finish everything
Easter Egg,Hidden detail
Rare Drop,Uncommon reward
Legendary Item,Best reward
Starter Pack,Beginner set
Skill Tree,Growth options
XP Bar,Progress meter
Level Cap,Maximum limit
Prestige,Reset with bonus
Game Over,Failure
Continue,Try again
Save Point,Safe moment
Checkpoint,Progress save
Victory Screen,Success
Credits Roll,Ending
Post Credit Scene,Extra ending
Airball,Completely miss or fail
Boomerang,Return to old habit
Brain Check,Are you okay
Buzzed,Slightly excited
Catch Feelings,Develop emotions
Cold Shoulder,Ignore someone
Deep Cut,Strong emotional impact
Do Better,Improve behavior
Energy Shift,Change in mood
Face Card,Physical attractiveness
Fake Deep,Pretending to be wise
Fast Fashion,Cheap trendy clothes
Filter Bubble,Limited viewpoint
Fit Spo,Outfit spoiler
Flash Sale,Quick discount
Fumble,Mess up opportunity
Gas,Very good
Glow Check,See improvement
Green Screen,Background effect
Hype Train,Growing excitement
Ice Cold,Very calm
Internet Brain,Always online thinking
Jump Scare,Sudden shock
Keyboard Courage,Brave only online
Late Stage,Final phase
Main Plot,Important story
Mind Melt,Confusing moment
Missed Vibe,Did not match mood
Mood Board,Inspiration collage
Mystery Drop,Surprise release
Net Positive,Overall good
No Context,Without explanation
Off Brand,Not your style
On Brand,Very your style
Open Tab,Unfinished business
Outta Pocket,Too far
Peak,Best moment
Plot Hole,Story mistake
Power Move,Strong action
Quiet Flex,Subtle showing off
Reality Check,Wake up call
Rent Due,Consequences coming
Soft Smile,Small happy smile
Solo Mission,Doing alone
Static Noise,Background distraction
Straight Up,Honestly
Street Cred,Respect
Time Blind,Lost track of time
Too Much Sauce,Overconfidence
Uninstall Life,Take break
Upgrade Mode,Improving self
Vibe Shift,Change atmosphere
Virtual Hug,Online comfort
Wallflower,Shy person
Warm Take,Safe opinion
Zero Chill,Very excited
Zoomer,Gen Z person
Ad Break,Pause moment
Big Energy,Strong confidence
Chill Pill,Calm down
Code Switch,Change personality style
Comfort Zone,Safe space
Core Fit,Signature outfit
Deep Dive,Research deeply
Drip Check,Check outfit
Echo Chamber,Same opinions only
Extra Credit,Bonus effort
Fast Track,Quick success
Glow Season,Success time
Hard Launching,Public reveal
Inbox Zero,No messages
Late Bloomer,Success later
Life Hack,Smart trick
Main Scene,Important event
Memory Lane,Past moments
Next Level,Improved
No Filter Zone,Honest talk
Open Mic,Free speaking
Peak Era,Best phase
Pet Peeve,Small annoyance
Quick Win,Easy success
Real Spill,Honest gossip
Soft Skill,People skill
Strong Suit,Best ability
Top Tier,Very good
Trend Cycle,Trend repeat
Ultra Rare,Very uncommon
User Error,Your mistake
Viral Loop,Repeat sharing
Win Streak,Repeated success
Wipe Out,Total failure
X Factor,Special quality
Zero Balance,No money
After Party,Event after event
Backseat Driver,Control freak
Brain Storm,Think ideas
Cloud Nine,Very happy
Dead Zone,No signal
Early Access,Before release
Fan Edit,Edited video
Glow Filter,Beauty effect
High Score,Best result
Inbox Overflow,Too many messages
Live Reaction,Immediate response
Main Menu,Starting point
Noise Cancel,Ignore distractions
Offline Mode,Disconnected state
Power Nap,Short sleep
Quick Fix,Temporary solution
Replay Value,Worth repeating
Signal Boost,Share message
Soft Reboot,Small restart
Time Skip,Fast forward
Under Pressure,Stressed
Virtual Queue,Waiting online
Wave Rider,Trend follower
XP Boost,Faster progress
Zoom Fatigue,Video call tired
Auto Pilot,Doing without thinking
Brain Spark,Idea moment
Clout Token,Attention symbol
Daily Reset,New start
Edge Case,Rare situation
Flash Mood,Quick emotion
Growth Arc,Self improvement
Head Space,Mental state
Idea Drop,Share idea
Joy Check,Are you happy
Key Moment,Important time
Low Signal,Weak interest
Momentum Shift,Change direction
Next Chapter,New phase
Open Book,Honest person
Pause Button,Take break
Quick Read,Short info
Reset Button,Start over
Safe Mode,Low risk
Soft Launch Life,Slow start
Time Crunch,No time
Upgrade Path,Future plan
Vision Shift,New perspective
Wildcard,Unpredictable person
After Glow,Happy feeling after event
All In,Give full effort
Bad Timing,Wrong moment
Balance Check,Life evaluation
Barely Awake,Very tired
Big Brain Move,Smart action
Blank Slate,Fresh start
Bounce Back,Recover quickly
Break Cycle,End bad habit
Call It,End something
Calm Energy,Peaceful vibe
Center Yourself,Focus inward
Clean Slate,New beginning
Clear Head,No stress
Close Call,Almost failed
Code Red,Serious problem
Come Through,Arrive or succeed
Comfort Click,Favorite content
Creative Block,No ideas
Crossed Line,Went too far
Deep Breath,Calm down
Down Time,Rest period
Dream State,Half asleep
Drop Off,Disappear slowly
Dry Run,Practice attempt
Easy Win,Simple success
Emotional Load,Heavy feelings
Energy Drain,Feeling tired
Eye Roll,Show annoyance
Fast Forward,Skip ahead
Final Call,Last chance
First Draft,Initial attempt
Flow State,Deep focus
Fresh Energy,New motivation
Full Circle,Back to start
Future Self,Later version of you
Game Plan,Strategy
Golden Hour,Best moment
Good Vibes Only,Positive mood
Grounded,Calm and stable
Hard Stop,Complete end
Head Check,Think clearly
Hidden Gem,Underrated thing
High Alert,Very aware
Home Base,Safe place
In Sync,Aligned
Inner Peace,Calm mind
Instant Karma,Immediate result
Key Player,Important person
Last Minute,Rushed time
Late Night Thoughts,Overthinking at night
Level Headed,Calm thinker
Light Work,Easy task
Living Proof,Example
Lock In,Focus hard
Long Game,Future planning
Low Profile,Stay unnoticed
Magic Touch,Special ability
Main Focus,Primary goal
Mind Over Matter,Mental strength
Mood Swing,Emotion change
Moving Target,Changing goal
Natural High,Happiness without reason
Next Step,Future move
No Pressure,Relaxed expectation
Off Grid,Disconnected
One Take,Single try
Open Road,New opportunity
Overdrive,Too much effort
Own It,Accept responsibility
Peak Performance,Best output
Perfect Timing,Ideal moment
Phase Shift,Change stage
Power Hour,Most productive time
Prime Time,Best time
Quick Break,Short rest
Quiet Moment,Peaceful time
Rain Check,Postpone
Reality Bite,Hard truth
Recenter,Refocus
Recharge Mode,Resting
Red Zone,Danger area
Ride the Wave,Follow trend
Right Place Right Time,Good luck
Safe Bet,Low risk choice
Second Wind,New energy
Sharp Mind,Clear thinking
Short Fuse,Easily angry
Slow Burn,Gradual success
Smooth Move,Clever action
Soft Spot,Weakness or affection
Solid Ground,Stable state
Spotlight Moment,Attention time
Steady Pace,Consistent speed
Stay Present,Focus now
Step Up,Take action
Strong Start,Good beginning
Subtle Flex,Quiet show off
Sunny Side,Positive outlook
Switch Gears,Change approach
Take Charge,Lead
Think Twice,Be careful
Time Out,Break
Top Speed,Maximum effort
Total Reset,Complete restart
True Colors,Real personality
Trust Fall,Depend on someone
Turn Point,Major change
Under Control,Managed well
Upward Spiral,Improving life
Wake Up Call,Serious realization
Watch This Space,Coming soon
White Noise,Background sound
Wide Awake,Alert
Winning Streak,Repeated success
Work Flow,Task rhythm
Worth It,Valuable result
Zero Stress,No pressure
After Shift,Post work phase
Back in Action,Returned
Break Point,Limit reached
Bright Side,Positive aspect
Clear Path,Easy way
Close Loop,Finish task
Come Back Strong,Return better
Cool Down,Relax
Core Goal,Main aim
Drive Mode,High focus
End Scene,Finish moment
Fresh Chapter,New part of life
Full Send Energy,Total effort
Green Light,Permission to go
High Ground,Better position
In Motion,Moving forward
Keep Rolling,Continue
Last Stretch,Final effort
Mind Reset,Refresh thinking
Next Phase,Upcoming stage
Open Window,Opportunity
Peak Zone,Best area
Power Shift,Change control
Quiet Strength,Hidden power
Ready Mode,Prepared
Rise Up,Improve
Smooth Sailing,No problems
Stay Sharp,Be alert
Strong Finish,Good ending
Switch Up,Change style
Take Off,Start fast
Think Big,Be ambitious
Time Window,Limited chance
True Path,Correct way
Upgrade Life,Improve living
Win Mode,Success phase
Wrap It Up,Finish
Zone In,Focus
Aftershock,Feeling after strong event
All Set,Ready to go
Bad Vibes,Negative feeling
Balance Mode,Stable mindset
Bare Minimum Monday,Low effort start of week
Big Picture,Overall view
Blink Moment,Very short time
Bounce Energy,Positive vibe
Break Free,Escape limits
Bright Mind,Clear thinking
Burn Bright,Do well quickly
Calm Zone,Peaceful state
Catch Up,Reconnect later
Clear Skies,No problems
Close Enough,Almost perfect
Cold Start,Begin with no prep
Come Alive,Feel excited
Common Ground,Shared view
Cool Head,Stay calm
Core Mood,Main feeling
Creative Spark,New idea
Crossroads,Important decision
Daily Grind,Everyday work
Deep Focus,Strong attention
Dream Big,Think large
Easy Flow,Smooth progress
Echo Effect,Repeated impact
Energy Boost,Extra motivation
Even Keel,Emotionally steady
Fast Lane,Quick life pace
Final Stretch,Last effort
First Light,New beginning
Fresh Eyes,New perspective
Full Focus,Total attention
Game Face,Serious look
Golden Path,Best option
Good Energy,Positive vibe
Ground Truth,Real fact
Happy Place,Comfort zone
Hard Truth,Unpleasant reality
High Hopes,Strong optimism
Inner Drive,Self motivation
Instant Click,Immediate liking
Key Insight,Important idea
Last Call Energy,Final chance vibe
Light Step,Easy movement
Live Wire,Very energetic person
Locked In,Highly focused
Long Shot,Low chance
Loose Ends,Unfinished tasks
Magic Moment,Special time
Mind Shift,Change thinking
Mood Booster,Something uplifting
Moving Fast,Quick action
New Wave,Fresh trend
Next Big Thing,Upcoming hit
No Drama,Peaceful situation
Open Mind,Accepting ideas
Peak Time,Best moment
Perfect Storm,Many things happen at once
Play It Cool,Stay calm
Power Focus,Strong concentration
Quick Spark,Sudden idea
Quiet Focus,Silent work
Ready Set Go,Start now
Real Deal,Authentic thing
Right Track,Correct direction
Safe Choice,Low risk option
Sharp Turn,Sudden change
Shine On,Keep succeeding
Short Break,Brief rest
Side Path,Alternative route
Smooth Ride,Easy process
Solid Plan,Good strategy
Stay Gold,Remain good
Step Forward,Make progress
Strong Vibes,Clear feeling
Sudden Boost,Unexpected energy
Sweet Spot,Best position
Take Note,Pay attention
Time Shift,Change schedule
True North,Main goal
Turn Up,Increase energy
Up Next,Coming soon
Warm Welcome,Friendly greeting
Watch Out,Be careful
Way Ahead,Far progress
Well Played,Good job
Wide View,Big perspective
Win Big,Major success
Work Smart,Efficient effort
Worth Watching,Interesting thing
Zero Fear,No hesitation
Action Ready,Prepared to act
Big Step,Important move
Bright Start,Good beginning
Clear Goal,Defined aim
Close Win,Narrow success
Fast Thinker,Quick mind
Fresh Energy,New motivation
Good Move,Smart action
High Spirits,Happy mood
Inner Fire,Strong passion
Next Level Energy,Very motivated state
Open Chance,New opportunity
Power Play,Strong strategy
Quick Choice,Fast decision
Rise Higher,Improve more
Safe Path,Secure route
Sharp Focus,Clear attention
Strong Signal,Clear message
True Focus,Real attention
Wide Awake,Very alert
Win State,Successful condition
Zero Limits,No boundaries
